time_elapsed,ball_detected,ball_x,ball_y,ball_width,joystick_x,joystick_y,RT_intensity,LT_intensity,btn_X,btn_A,btn_B,reset,end
0.8086142539978027,False,-1,-1,-1,0,0,0,0,0,0,0,0,0
1.2196712493896484,False,-1,-1,-1,0,0,0,0,0,0,0,0,0
1.6332979202270508,False,-1,-1,-1,0,0,0,0,0,0,0,0,0
2.041661024093628,False,-1,-1,-1,0,0,0,0,0,0,0,0,0
2.4212257862091064,False,-1,-1,-1,0,0,0,0,0,0,0,0,0
2.8035061359405518,False,-1,-1,-1,0,0,0,0,0,0,0,0,0
3.1843936443328857,False,-1,-1,-1,0,0,0,0,0,0,0,0,0
3.5645432472229004,False,-1,-1,-1,0,0,0,0,0,0,0,0,0
3.944783926010132,False,-1,-1,-1,0,0,0,0,0,0,0,0,0
4.331457138061523,False,-1,-1,-1,0,0,0,0,0,0,0,0,0
4.711219549179077,False,-1,-1,-1,0,0,0,0,0,0,0,0,0
5.094572305679321,False,-1,-1,-1,0,0,0,0,0,0,0,0,0
5.479000568389893,False,-1,-1,-1,0,0,0,0,0,0,0,0,0
5.852568626403809,False,-1,-1,-1,0,0,0,0,0,0,0,0,0
6.22315526008606,False,-1,-1,-1,0,0,0,0,0,0,0,0,0
6.608614444732666,False,-1,-1,-1,0,0,0,0,0,0,0,0,0
6.978987455368042,True,470.3166961669922,315.14614820480347,24.0399169921875,0,0,0,0,0,0,0,0,0
7.3635640144348145,True,470.3166961669922,315.14614820480347,24.0399169921875,0,0,0,0,0,0,0,0,0
7.743128776550293,True,469.4319248199463,341.7710530757904,26.287450790405273,0,0,0,0,0,0,0,0,0
8.122020721435547,True,469.4319248199463,341.7710530757904,26.287450790405273,0,0,0.95703125,0,0,0,0,0,0
8.504935264587402,True,469.4319248199463,341.7710530757904,26.287450790405273,0,0,0.99609375,0,0,0,0,0,0
8.906547546386719,True,469.4319248199463,341.7710530757904,26.287450790405273,0,0,0.99609375,0,0,0,0,0,0
9.28947901725769,True,469.4319248199463,341.7710530757904,26.287450790405273,0,0,0.99609375,0,0,0,0,0,0
9.673841714859009,True,469.4319248199463,341.7710530757904,26.287450790405273,0.921539306640625,0,0.99609375,0,0,0,0,0,0
10.057164669036865,True,469.4319248199463,341.7710530757904,26.287450790405273,0.00390625,0,0.99609375,0,0,0,0,0,0
10.434364318847656,True,469.4319248199463,341.7710530757904,26.287450790405273,0.00390625,0,0.99609375,0,0,0,0,0,0
10.817726850509644,True,469.4319248199463,341.7710530757904,26.287450790405273,-0.01177978515625,0.00390625,0.99609375,0,0,0,0,0,0
11.215309143066406,True,469.4319248199463,341.7710530757904,26.287450790405273,0.00390625,0.00390625,0.99609375,0,0,0,0,0,0
11.601293563842773,True,469.4319248199463,341.7710530757904,26.287450790405273,0.00390625,0.00390625,0.37109375,0,0,0,0,0,0
11.983472347259521,True,469.4319248199463,341.7710530757904,26.287450790405273,0.00390625,0.00390625,0.0,0,0,0,0,0,0
12.382482528686523,True,469.4319248199463,341.7710530757904,26.287450790405273,0.00390625,0.00390625,0.0,0,0,0,0,0,0
12.77547836303711,True,469.4319248199463,341.7710530757904,26.287450790405273,0.00390625,0.00390625,0.0,0.99609375,0,0,0,0,0
13.148552656173706,True,469.4319248199463,341.7710530757904,26.287450790405273,0.00390625,0.00390625,0.0,0.0,0,0,0,0,0
13.539751291275024,True,469.4319248199463,341.7710530757904,26.287450790405273,0.00390625,0.00390625,0.0,0.0,0,0,0,0,0
13.926889419555664,True,453.32977294921875,353.7664818763733,63.20182800292969,0.00390625,0.00390625,0.0,0.0,0,0,0,0,0
14.294000148773193,True,460.8164691925049,352.51198053359985,47.53249168395996,0.00390625,0.00390625,0.0,0.0,0,0,0,0,0
14.675171613693237,True,478.8598823547363,341.5256953239441,11.565170288085938,0.00390625,0.00390625,0.0,0.0,0,0,0,0,0
15.057292938232422,True,478.8598823547363,341.5256953239441,11.565170288085938,0.00390625,0.00390625,0.0,0.0,0,0,0,0,0
15.442360639572144,True,470.9685802459717,350.65179347991943,28.478708267211914,0.00390625,0.00390625,0.0,0.0,0,0,0,0,0
15.823388576507568,True,470.9685802459717,350.65179347991943,28.478708267211914,0.00390625,0.00390625,0.0,0.0,0,0,0,0,0
16.212771892547607,True,470.9685802459717,350.65179347991943,28.478708267211914,0.00390625,0.00390625,0.0,0.0,0,0,0,0,0
16.588265895843506,True,470.9685802459717,350.65179347991943,28.478708267211914,0.00390625,0.00390625,0.0,0.0,0,0,0,0,0
16.976788997650146,True,470.9685802459717,350.65179347991943,28.478708267211914,0.00390625,0.00390625,0.0,0.0,0,0,0,0,0
17.36296510696411,True,470.9685802459717,350.65179347991943,28.478708267211914,0.00390625,0.00390625,0.0,0.0,0,0,0,0,0
17.74107789993286,True,470.9685802459717,350.65179347991943,28.478708267211914,0.00390625,0.00390625,0.0,0.0,0,0,0,0,0
18.133642435073853,True,470.9685802459717,350.65179347991943,28.478708267211914,0.00390625,0.00390625,0.0,0.0,0,0,0,0,0
18.513005018234253,True,470.9685802459717,350.65179347991943,28.478708267211914,0.00390625,0.00390625,0.0,0.0,0,0,0,0,0
18.897531747817993,True,470.9685802459717,350.65179347991943,28.478708267211914,0.00390625,0.00390625,0.0,0.0,0,0,0,0,0
19.277055263519287,True,470.9685802459717,350.65179347991943,28.478708267211914,0.00390625,0.00390625,0.0,0.0,0,0,0,0,0
19.662431001663208,True,470.9685802459717,350.65179347991943,28.478708267211914,0.00390625,0.00390625,0.0,0.0,0,0,0,0,0
20.051535606384277,True,470.9685802459717,350.65179347991943,28.478708267211914,0.00390625,0.00390625,0.0,0.0,0,0,0,0,0
20.448627948760986,True,470.9685802459717,350.65179347991943,28.478708267211914,0.00390625,0.00390625,0.0,0.0,0,0,0,0,0
20.834882736206055,True,470.9685802459717,350.65179347991943,28.478708267211914,0.00390625,0.00390625,0.0,0.0,0,0,0,0,0
21.229231357574463,True,470.9685802459717,350.65179347991943,28.478708267211914,0.00390625,0.00390625,0.0,0.0,0,0,0,0,1
0.8491404056549072,False,-1,-1,-1,0,0,0,0,0,0,0,0,0
1.2373456954956055,False,-1,-1,-1,0,0,0,0,0,0,0,0,0
1.6048088073730469,False,-1,-1,-1,0,0,0,0,0,0,0,0,0
1.9778988361358643,False,-1,-1,-1,0,0,0,0,0,0,0,0,0
2.3465964794158936,False,-1,-1,-1,0,0,0,0,0,0,0,0,0
2.70920729637146,False,-1,-1,-1,0,0,0,0,0,0,0,0,0
3.080658197402954,False,-1,-1,-1,0,0,0,0,0,0,0,0,0
3.436506986618042,False,-1,-1,-1,0,0,0,0,0,0,0,1,0
3.814365863800049,False,-1,-1,-1,0,0,0,0,0,0,0,0,0
4.183268308639526,False,-1,-1,-1,0,0,0,0,0,0,0,0,0
4.565364360809326,False,-1,-1,-1,0,0,0,0,0,0,0,0,0
4.934970855712891,False,-1,-1,-1,0,0,0,0,0,0,0,0,0
5.308448791503906,True,463.3915901184082,290.16056656837463,37.01225280761719,0,0,0,0,0,0,0,0,0
5.675147771835327,True,463.3915901184082,290.16056656837463,37.01225280761719,0,0,0,0,0,0,0,0,0
6.037831544876099,True,463.3915901184082,290.16056656837463,37.01225280761719,0,0,0.609375,0,0,0,0,0,0
6.4098145961761475,True,463.3915901184082,290.16056656837463,37.01225280761719,0,0,0.8984375,0,0,0,0,0,0
6.794501066207886,True,463.3915901184082,290.16056656837463,37.01225280761719,0.999969482421875,0,0.921875,0,0,0,0,0,0
7.165594100952148,True,463.3915901184082,290.16056656837463,37.01225280761719,0.00390625,0,0.921875,0,0,0,0,0,0
7.529694318771362,True,463.3915901184082,290.16056656837463,37.01225280761719,-0.631378173828125,0,0.921875,0,0,0,0,0,0
7.907569646835327,True,463.3915901184082,290.16056656837463,37.01225280761719,0.00390625,0,0.921875,0,0,0,0,0,0
8.275036096572876,True,463.3915901184082,290.16056656837463,37.01225280761719,-0.9058837890625,0,0.921875,0,0,0,0,0,0
8.652315378189087,True,463.3915901184082,290.16056656837463,37.01225280761719,0.00390625,0,0.921875,0,0,0,0,0,0
9.038061141967773,True,463.3915901184082,290.16056656837463,37.01225280761719,-1.0,-0.066680908203125,0.921875,0,0,0,0,0,0
9.420878410339355,True,463.3915901184082,290.16056656837463,37.01225280761719,0.00390625,0.00390625,0.0,0,0,0,0,0,0
9.783735990524292,True,463.3915901184082,290.16056656837463,37.01225280761719,0.00390625,0.00390625,0.0,0,0,0,0,0,0
10.170934915542603,True,463.3915901184082,290.16056656837463,37.01225280761719,0.00390625,0.00390625,0.0,0,0,0,0,0,0
10.546089172363281,True,463.3915901184082,290.16056656837463,37.01225280761719,0.00390625,0.00390625,0.0,0,0,0,0,0,0
10.927116632461548,True,463.3915901184082,290.16056656837463,37.01225280761719,0.00390625,0.00390625,0.0,0,0,0,0,0,0
11.310699462890625,True,463.3915901184082,290.16056656837463,37.01225280761719,0.00390625,0.00390625,0.0,0,0,0,0,0,0
11.675970077514648,True,463.3915901184082,290.16056656837463,37.01225280761719,0.00390625,0.00390625,0.0,0,0,0,0,0,0
12.060590028762817,True,464.9781131744385,351.5135872364044,46.06673240661621,0.00390625,0.00390625,0.0,0,0,0,0,0,0
12.43427586555481,True,466.8177795410156,347.4862504005432,39.61292266845703,0.00390625,0.00390625,0.0,0,0,0,0,0,0
12.806804418563843,True,477.54612922668457,356.79635882377625,8.138265609741211,0.00390625,0.00390625,0.0,0,0,0,0,0,0
13.17772102355957,True,477.54612922668457,356.79635882377625,8.138265609741211,0.00390625,0.00390625,0.0,0,0,0,0,0,0
13.565551519393921,True,477.54612922668457,356.79635882377625,8.138265609741211,0.00390625,0.00390625,0.0,0,0,0,0,0,0
13.94411563873291,True,477.54612922668457,356.79635882377625,8.138265609741211,0.00390625,0.00390625,0.0,0,0,0,0,0,0
14.312564849853516,True,477.54612922668457,356.79635882377625,8.138265609741211,0.00390625,0.00390625,0.0,0,0,0,0,0,0
14.686927318572998,True,477.54612922668457,356.79635882377625,8.138265609741211,0.00390625,0.00390625,0.0,0,0,0,0,0,0
15.073845386505127,True,477.54612922668457,356.79635882377625,8.138265609741211,0.00390625,0.00390625,0.0,0,0,0,0,0,0
15.449522256851196,True,477.54612922668457,356.79635882377625,8.138265609741211,0.00390625,0.00390625,0.0,0,0,0,0,0,0
15.847193717956543,True,477.54612922668457,356.79635882377625,8.138265609741211,0.00390625,0.00390625,0.0,0,0,0,0,0,0
16.222537994384766,True,477.54612922668457,356.79635882377625,8.138265609741211,0.00390625,0.00390625,0.0,0,0,0,0,0,0
16.608011960983276,True,477.54612922668457,356.79635882377625,8.138265609741211,0.00390625,0.00390625,0.0,0,0,0,0,0,0
16.992393732070923,True,477.54612922668457,356.79635882377625,8.138265609741211,0.00390625,0.00390625,0.0,0,0,0,0,0,0
17.374254941940308,True,477.54612922668457,356.79635882377625,8.138265609741211,0.00390625,0.00390625,0.0,0,0,0,0,0,1
1.0472345352172852,True,476.1631965637207,351.0595965385437,12.386741638183594,0,0,0,0,0,0,0,0,0
1.4876501560211182,True,476.1631965637207,351.0595965385437,12.386741638183594,0,0,0,0,0,0,0,0,0
1.8892641067504883,True,471.0674571990967,354.83227372169495,21.30640983581543,0,0,0,0,0,0,0,1,0
2.2694904804229736,False,-1,-1,-1,0,0,0,0,0,0,0,0,0
2.6365466117858887,False,-1,-1,-1,0,0,0,0,0,0,0,0,0
3.0312795639038086,False,-1,-1,-1,0,0,0,0,0,0,0,0,0
3.395615816116333,True,468.7342071533203,302.8436279296875,28.688507080078125,0,0,0,0,0,0,0,0,0
3.76733660697937,True,468.7342071533203,302.8436279296875,28.688507080078125,0,0,0,0,0,0,0,0,0
4.170077562332153,True,468.7342071533203,302.8436279296875,28.688507080078125,0,0,0,0,0,0,0,0,0
4.554914236068726,True,468.7342071533203,302.8436279296875,28.688507080078125,0,0,0,0,0,0,0,0,0
4.936164379119873,True,468.7342071533203,302.8436279296875,28.688507080078125,0,0,0,0,0,0,0,0,0
5.3352954387664795,True,469.8021125793457,339.4686555862427,24.87201690673828,0,0,0,0,0,0,0,0,0
5.730395317077637,True,469.8021125793457,339.4686555862427,24.87201690673828,0,0,0.5703125,0,0,0,0,0,0
6.11418604850769,True,469.8021125793457,339.4686555862427,24.87201690673828,0,0,0.9609375,0,0,0,0,0,0
6.5006263256073,True,472.2810745239258,349.29410219192505,22.091331481933594,0,0,0.9609375,0,0,0,0,0,0
6.878886938095093,True,472.2810745239258,349.29410219192505,22.091331481933594,-0.7176513671875,0,0.9609375,0,0,0,0,0,0
7.256312847137451,True,472.2810745239258,349.29410219192505,22.091331481933594,0.00390625,0,0.9609375,0,0,0,0,0,0
7.634273052215576,True,472.2810745239258,349.29410219192505,22.091331481933594,0.00390625,0,0.9609375,0,0,0,0,0,0
8.012682914733887,True,472.2810745239258,349.29410219192505,22.091331481933594,0.00390625,0,0.9609375,0,0,0,0,0,0
8.388618469238281,True,472.2810745239258,349.29410219192505,22.091331481933594,0.00390625,0,0.9609375,0,0,0,0,0,0
8.780067205429077,True,464.90492820739746,370.458083152771,43.683671951293945,0.00390625,0,0.9609375,0,0,0,0,0,0
9.161859273910522,True,464.90492820739746,370.458083152771,43.683671951293945,0.00390625,0,0.0,0,0,0,0,0,0
9.54877781867981,True,464.90492820739746,370.458083152771,43.683671951293945,0.00390625,0,0.0,0,0,0,0,0,0
9.937012910842896,True,464.90492820739746,370.458083152771,43.683671951293945,0.00390625,0,0.0,0,0,0,0,0,0
10.326186895370483,True,464.90492820739746,370.458083152771,43.683671951293945,0.00390625,0,0.0,0,0,0,0,0,0
10.707610368728638,True,464.90492820739746,370.458083152771,43.683671951293945,0.00390625,0,0.0,0,0,0,0,0,0
11.097172737121582,True,464.90492820739746,370.458083152771,43.683671951293945,0.00390625,0,0.0,0,0,0,0,0,0
11.482106685638428,True,464.90492820739746,370.458083152771,43.683671951293945,0.00390625,0,0.0,0,0,0,0,0,0
11.870009183883667,True,461.3379192352295,358.4162735939026,50.23821830749512,0.00390625,0,0.0,0,0,0,0,0,0
12.256880044937134,True,464.6993637084961,347.19225883483887,38.99620056152344,0.00390625,0,0.0,0,0,0,0,0,0
12.648890256881714,True,467.2422122955322,358.24339985847473,33.662424087524414,0.00390625,0,0.0,0,0,0,0,0,0
13.05891466140747,True,468.37300300598145,352.8611397743225,31.89070701599121,0.00390625,0,0.0,0,0,0,0,0,0
13.466793775558472,True,468.37300300598145,352.8611397743225,31.89070701599121,0.00390625,0,0.0,0,0,0,0,0,0
13.840389251708984,True,468.37300300598145,352.8611397743225,31.89070701599121,0.00390625,0,0.0,0,0,0,0,0,0
14.22882604598999,True,468.37300300598145,352.8611397743225,31.89070701599121,0.00390625,0,0.0,0,0,0,0,0,0
14.615561485290527,True,468.37300300598145,352.8611397743225,31.89070701599121,0.00390625,0,0.0,0,0,0,0,0,0
14.99474024772644,True,468.37300300598145,352.8611397743225,31.89070701599121,0.00390625,0,0.0,0,0,0,0,0,0
15.387023687362671,True,651.7668342590332,398.9648365974426,5.2150726318359375,0.00390625,0,0.0,0,0,0,0,0,0
15.764695405960083,True,651.7668342590332,398.9648365974426,5.2150726318359375,0.00390625,0,0.0,0,0,0,0,0,0
16.154970169067383,True,651.7668342590332,398.9648365974426,5.2150726318359375,0.00390625,0,0.0,0,0,0,0,0,0
16.543593883514404,True,651.7668342590332,398.9648365974426,5.2150726318359375,0.00390625,0,0.0,0,0,0,0,0,0
16.93230104446411,True,651.7668342590332,398.9648365974426,5.2150726318359375,0.00390625,0,0.0,0,0,0,0,0,0
17.327149152755737,True,651.7668342590332,398.9648365974426,5.2150726318359375,0.00390625,0,0.0,0,0,0,0,0,0
17.723288774490356,True,651.7668342590332,398.9648365974426,5.2150726318359375,0.00390625,0,0.0,0,0,0,0,0,0
18.11238408088684,True,651.7668342590332,398.9648365974426,5.2150726318359375,0.00390625,0,0.0,0,0,0,0,0,0
18.50621485710144,True,651.7668342590332,398.9648365974426,5.2150726318359375,0.00390625,0,0.0,0,0,0,0,0,0
18.89055895805359,True,651.7668342590332,398.9648365974426,5.2150726318359375,0.00390625,0,0.0,0,0,0,0,0,0
19.281912088394165,True,651.7668342590332,398.9648365974426,5.2150726318359375,0.00390625,0,0.0,0,0,0,0,0,0
19.68061399459839,True,651.7668342590332,398.9648365974426,5.2150726318359375,0.00390625,0,0.0,0,0,0,0,0,0
20.074206829071045,True,651.7668342590332,398.9648365974426,5.2150726318359375,0.00390625,0,0.0,0,0,0,0,0,0
20.46337389945984,True,651.7668342590332,398.9648365974426,5.2150726318359375,0.00390625,0,0.0,0,0,0,0,0,0
20.856079816818237,True,651.7668342590332,398.9648365974426,5.2150726318359375,0.00390625,0,0.0,0,0,0,0,0,0
21.248550415039062,True,651.7668342590332,398.9648365974426,5.2150726318359375,0.00390625,0,0.0,0,0,0,0,0,0
21.632262468338013,True,651.7668342590332,398.9648365974426,5.2150726318359375,0.00390625,0,0.0,0,0,0,0,0,0
22.031296968460083,True,651.7668342590332,398.9648365974426,5.2150726318359375,0.00390625,0,0.0,0,0,0,0,0,0
22.425381898880005,True,651.7668342590332,398.9648365974426,5.2150726318359375,0.00390625,0,0.0,0,0,0,0,0,0
22.807130575180054,True,651.7668342590332,398.9648365974426,5.2150726318359375,0.00390625,0,0.0,0,0,0,0,0,0
23.20154857635498,True,651.7668342590332,398.9648365974426,5.2150726318359375,0.00390625,0,0.0,0,0,0,0,0,0
23.58750319480896,True,651.7668342590332,398.9648365974426,5.2150726318359375,0.00390625,0,0.0,0,0,0,0,0,0
23.976877689361572,True,651.7668342590332,398.9648365974426,5.2150726318359375,0.00390625,0,0.0,0,0,0,0,0,1
0.649005651473999,True,471.22693061828613,354.9638843536377,24.49873924255371,0,0,0,0,0,0,0,0,0
1.0758204460144043,True,471.22693061828613,354.9638843536377,24.49873924255371,0,0,0,0,0,0,0,0,0
1.4626226425170898,True,471.22693061828613,354.9638843536377,24.49873924255371,0,0,0,0,0,0,0,0,0
1.8580348491668701,True,471.22693061828613,354.9638843536377,24.49873924255371,0,0,0,0,0,0,0,1,0
2.2445623874664307,False,-1,-1,-1,0,0,0,0,0,0,0,0,0
2.6136269569396973,True,469.99385833740234,349.87226843833923,25.171737670898438,0,0,0,0,0,0,0,0,0
2.9912493228912354,True,469.99385833740234,349.87226843833923,25.171737670898438,0,0,0,0,0,0,0,0,0
3.368403673171997,True,469.99385833740234,349.87226843833923,25.171737670898438,0,0,0,0,0,0,0,0,0
3.746500015258789,True,469.99385833740234,349.87226843833923,25.171737670898438,0,0,0.875,0,0,0,0,0,0
4.133541822433472,True,469.99385833740234,349.87226843833923,25.171737670898438,0,0,0.95703125,0,0,0,0,0,0
4.518374443054199,True,469.99385833740234,349.87226843833923,25.171737670898438,0.00390625,0.00390625,0.95703125,0,0,0,0,0,0
4.898534059524536,True,471.45029067993164,354.0978741645813,23.78002166748047,0.00390625,0.00390625,0.95703125,0,0,0,0,0,0
5.284059286117554,True,471.45029067993164,354.0978741645813,23.78002166748047,0.00390625,0.00390625,0.95703125,0,0,0,0,0,0
5.677844047546387,True,471.45029067993164,354.0978741645813,23.78002166748047,0.00390625,0.00390625,0.95703125,0,0,0,0,0,0
6.060364007949829,True,471.45029067993164,354.0978741645813,23.78002166748047,0.00390625,0.00390625,0.9609375,0,0,0,0,0,0
6.448695182800293,True,471.45029067993164,354.0978741645813,23.78002166748047,0.00390625,0.00390625,0.9609375,0,0,0,0,0,0
6.834406137466431,True,471.45029067993164,354.0978741645813,23.78002166748047,0.999969482421875,0.00390625,0.9609375,0,0,0,0,0,0
7.215641021728516,True,471.45029067993164,354.0978741645813,23.78002166748047,0.00390625,0.00390625,0.9609375,0,0,0,0,0,0
7.604637622833252,True,471.45029067993164,354.0978741645813,23.78002166748047,0.00390625,0.00390625,0.35546875,0,0,0,0,0,0
7.992214918136597,True,471.45029067993164,354.0978741645813,23.78002166748047,-1.0,-0.239227294921875,0.99609375,0,0,0,0,0,0
8.378438472747803,True,471.45029067993164,354.0978741645813,23.78002166748047,-1.0,-0.176483154296875,0.99609375,0,0,0,0,0,0
8.786351919174194,True,471.45029067993164,354.0978741645813,23.78002166748047,0.74114990234375,0.01959228515625,0.99609375,0,0,0,0,0,0
9.177573204040527,True,471.45029067993164,354.0978741645813,23.78002166748047,0.00390625,0.00390625,0.99609375,0,0,0,0,0,0
9.566532850265503,True,471.45029067993164,354.0978741645813,23.78002166748047,0.00390625,0.00390625,0.99609375,0,0,0,1,0,0
9.956562757492065,True,471.45029067993164,354.0978741645813,23.78002166748047,0.999969482421875,0.11370849609375,0.109375,0,0,0,0,0,0
10.346686840057373,True,471.45029067993164,354.0978741645813,23.78002166748047,0.00390625,0.00390625,0.98046875,0,0,0,0,0,0
10.742148399353027,True,453.45128059387207,416.0028612613678,119.08026695251465,0.0980224609375,0.00390625,0.0,0,0,0,0,0,0
11.144439458847046,True,453.45128059387207,416.0028612613678,119.08026695251465,0.00390625,0.00390625,0.0,0,0,0,0,0,0
11.530152559280396,True,453.45128059387207,416.0028612613678,119.08026695251465,0.00390625,0.00390625,0.0,0.08203125,0,0,0,0,0
11.92762017250061,True,453.45128059387207,416.0028612613678,119.08026695251465,0.00390625,0.00390625,0.0,0.0,0,0,0,0,0
12.309821367263794,True,420.9331512451172,404.46077942848206,105.37181854248047,0.00390625,0.00390625,0.0,0.0,0,0,0,0,0
12.705930471420288,True,420.9331512451172,404.46077942848206,105.37181854248047,0.00390625,0.00390625,0.0,0.0,0,0,0,0,0
13.104201078414917,True,420.9331512451172,404.46077942848206,105.37181854248047,0.00390625,0.00390625,0.0,0.0,0,0,0,0,0
13.501063346862793,True,420.9331512451172,404.46077942848206,105.37181854248047,0.00390625,0.00390625,0.0,0.0,0,0,0,0,0
13.893062829971313,True,420.9331512451172,404.46077942848206,105.37181854248047,0.00390625,0.00390625,0.0,0.0,0,0,0,0,0
14.288540840148926,True,420.9331512451172,404.46077942848206,105.37181854248047,0.00390625,0.00390625,0.0,0.0,0,0,0,0,0
14.677415370941162,True,420.9331512451172,404.46077942848206,105.37181854248047,0.00390625,0.00390625,0.0,0.0,0,0,0,0,0
15.06596302986145,True,420.9331512451172,404.46077942848206,105.37181854248047,0.00390625,0.00390625,0.0,0.0,0,0,0,0,0
15.460139751434326,True,420.9331512451172,404.46077942848206,105.37181854248047,0.00390625,0.00390625,0.0,0.0,0,0,0,0,0
15.843222379684448,True,420.9331512451172,404.46077942848206,105.37181854248047,0.00390625,0.00390625,0.0,0.0,0,0,0,0,0
16.23280644416809,True,420.9331512451172,404.46077942848206,105.37181854248047,0.00390625,0.00390625,0.0,0.0,0,0,0,0,0
16.63224959373474,True,420.9331512451172,404.46077942848206,105.37181854248047,0.00390625,0.00390625,0.0,0.0,0,0,0,0,0
17.0197856426239,True,420.9331512451172,404.46077942848206,105.37181854248047,0.00390625,0.00390625,0.0,0.0,0,0,0,0,1
1.0220026969909668,False,-1,-1,-1,0,0,0,0,0,0,0,0,0
1.4442517757415771,False,-1,-1,-1,0,0,0,0,0,0,0,0,0
1.8274321556091309,True,469.5361518859863,355.41661977767944,24.94983673095703,0,0,0,0,0,0,0,0,0
2.2185230255126953,True,470.2500343322754,355.44549107551575,22.313690185546875,0,0,0,0,0,0,0,0,0
2.607766628265381,True,469.99857902526855,355.8483052253723,23.47792625427246,0,0,0,0,0,0,0,0,0
3.015312910079956,True,471.00817680358887,355.1447081565857,20.537939071655273,0,0,0,0,0,0,0,0,0
3.414731025695801,True,471.00817680358887,355.1447081565857,20.537939071655273,0,0,0,0,0,0,0,0,0
3.7922120094299316,True,471.00817680358887,355.1447081565857,20.537939071655273,0,0,0,0,0,0,0,0,0
4.183774471282959,True,471.00817680358887,355.1447081565857,20.537939071655273,0,0,0,0,0,0,0,0,0
4.565855264663696,True,467.909631729126,301.95898175239563,29.750490188598633,0,0,0,0,0,0,0,0,0
4.948818922042847,True,467.909631729126,301.95898175239563,29.750490188598633,0,0,0,0,0,0,0,0,0
5.346309423446655,True,467.909631729126,301.95898175239563,29.750490188598633,0,0,0.99609375,0,0,0,0,0,0
5.735193967819214,True,467.909631729126,301.95898175239563,29.750490188598633,0.00390625,0,0.99609375,0,0,0,0,0,0
6.11836051940918,True,467.909631729126,301.95898175239563,29.750490188598633,-0.435302734375,0,0.99609375,0,0,0,0,0,0
6.504413604736328,True,467.909631729126,301.95898175239563,29.750490188598633,0.00390625,0,0.99609375,0,0,0,0,0,0
6.894915819168091,True,467.909631729126,301.95898175239563,29.750490188598633,0.00390625,0,0.99609375,0,0,0,0,0,0
7.281605243682861,True,467.909631729126,301.95898175239563,29.750490188598633,0.00390625,0,0.99609375,0,0,0,0,0,0
7.689839124679565,True,467.909631729126,301.95898175239563,29.750490188598633,-0.380401611328125,-0.003936767578125,0.99609375,0,0,0,0,0,0
8.091995477676392,True,467.909631729126,301.95898175239563,29.750490188598633,0.49017333984375,-0.0274658203125,0.99609375,0,0,0,0,0,0
8.497418403625488,True,467.909631729126,301.95898175239563,29.750490188598633,0.00390625,-0.0274658203125,0.99609375,0,0,0,0,0,0
8.897414207458496,True,467.909631729126,301.95898175239563,29.750490188598633,0.00390625,-0.0274658203125,0.0,0,0,0,0,0,0
9.302993059158325,True,467.909631729126,301.95898175239563,29.750490188598633,0.00390625,-0.0274658203125,0.0,0,0,0,0,0,0
9.707043409347534,True,467.909631729126,301.95898175239563,29.750490188598633,0.00390625,-0.0274658203125,0.0,0,0,0,0,0,0
10.102087020874023,True,467.909631729126,301.95898175239563,29.750490188598633,0.00390625,-0.0274658203125,0.0,0,0,0,0,0,0
10.501790285110474,True,467.909631729126,301.95898175239563,29.750490188598633,0.00390625,-0.0274658203125,0.0,0,0,0,0,0,0
10.896980285644531,True,467.909631729126,301.95898175239563,29.750490188598633,0.00390625,-0.0274658203125,0.0,0,0,0,0,0,0
11.288690090179443,True,454.8823642730713,357.8799819946289,61.00550651550293,0.00390625,-0.0274658203125,0.0,0,0,0,0,0,0
11.682019472122192,True,461.1742401123047,352.2589945793152,47.27336883544922,0.00390625,-0.0274658203125,0.0,0,0,0,0,0,0
12.094077587127686,True,461.1742401123047,352.2589945793152,47.27336883544922,0.00390625,-0.0274658203125,0.0,0,0,0,0,0,0
12.485176801681519,True,463.47601890563965,359.32647585868835,38.488569259643555,0.00390625,-0.0274658203125,0.0,0,0,0,0,0,0
12.882423162460327,True,463.47601890563965,359.32647585868835,38.488569259643555,0.00390625,-0.0274658203125,0.0,0,0,0,0,0,0
13.26908016204834,True,463.47601890563965,359.32647585868835,38.488569259643555,0.00390625,-0.0274658203125,0.0,0,0,0,0,0,0
13.663111209869385,True,463.47601890563965,359.32647585868835,38.488569259643555,0.00390625,-0.0274658203125,0.0,0,0,0,0,0,0
14.064237594604492,True,463.47601890563965,359.32647585868835,38.488569259643555,0.00390625,-0.0274658203125,0.0,0,0,0,0,0,0
14.459864616394043,True,619.7620010375977,417.63014674186707,7.889900207519531,0.00390625,-0.0274658203125,0.0,0,0,0,0,0,0
14.861716985702515,True,619.7620010375977,417.63014674186707,7.889900207519531,0.00390625,-0.0274658203125,0.0,0,0,0,0,0,0
15.262083530426025,True,619.7620010375977,417.63014674186707,7.889900207519531,0.00390625,-0.0274658203125,0.0,0,0,0,0,0,0
15.662755966186523,True,619.7620010375977,417.63014674186707,7.889900207519531,0.00390625,-0.0274658203125,0.0,0,0,0,0,0,0
16.059778690338135,True,619.7620010375977,417.63014674186707,7.889900207519531,0.00390625,-0.0274658203125,0.0,0,0,0,0,0,0
16.463255882263184,True,619.7620010375977,417.63014674186707,7.889900207519531,0.00390625,-0.0274658203125,0.0,0,0,0,0,0,0
16.854546308517456,True,619.7620010375977,417.63014674186707,7.889900207519531,0.00390625,-0.0274658203125,0.0,0,0,0,0,0,0
17.25212335586548,True,619.7620010375977,417.63014674186707,7.889900207519531,0.00390625,-0.0274658203125,0.0,0,0,0,0,0,0
17.641648292541504,True,619.7620010375977,417.63014674186707,7.889900207519531,0.00390625,-0.0274658203125,0.0,0,0,0,0,0,0
18.047096014022827,True,619.7620010375977,417.63014674186707,7.889900207519531,0.00390625,-0.0274658203125,0.0,0,0,0,0,0,0
18.450698852539062,True,619.7620010375977,417.63014674186707,7.889900207519531,0.00390625,-0.0274658203125,0.0,0,0,0,0,0,0
18.889997720718384,True,619.7620010375977,417.63014674186707,7.889900207519531,0.00390625,-0.0274658203125,0.0,0,0,0,0,0,0
19.31181573867798,True,619.7620010375977,417.63014674186707,7.889900207519531,0.00390625,-0.0274658203125,0.0,0,0,0,0,0,0
19.722026824951172,True,619.7620010375977,417.63014674186707,7.889900207519531,0.00390625,-0.0274658203125,0.0,0,0,0,0,0,1
0.6373662948608398,False,-1,-1,-1,0,0,0,0,0,0,0,0,0
1.0718486309051514,False,-1,-1,-1,0,0,0,0,0,0,0,0,0
1.4632329940795898,False,-1,-1,-1,0,0,0,0,0,0,0,0,0
1.8597168922424316,False,-1,-1,-1,0,0,0,0,0,0,0,1,0
2.2708001136779785,False,-1,-1,-1,0,0,0,0,0,0,0,0,0
2.658475160598755,False,-1,-1,-1,0,0,0,0,0,0,0,0,0
3.041065216064453,False,-1,-1,-1,0,0,0,0,0,0,0,0,0
3.433657646179199,False,-1,-1,-1,0,0,0,0,0,0,0,0,0
3.813936948776245,False,-1,-1,-1,0,0,0,0,0,0,0,0,0
4.199521780014038,False,-1,-1,-1,0,0,0,0,0,0,0,0,0
4.580161809921265,False,-1,-1,-1,0,0,0,0,0,0,0,0,0
4.9575512409210205,True,470.9534454345703,351.22822165489197,24.350738525390625,0,0,0,0,0,0,0,0,0
5.343685150146484,True,470.9534454345703,351.22822165489197,24.350738525390625,0,0,0,0,0,0,0,0,0
5.7320311069488525,True,470.9534454345703,351.22822165489197,24.350738525390625,0.827423095703125,0.819580078125,0.99609375,0,0,0,0,0,0
6.122051477432251,True,470.1149082183838,349.1704738140106,24.81757164001465,0.00390625,0.00390625,0.99609375,0,0,0,0,0,0
6.502448320388794,True,470.1149082183838,349.1704738140106,24.81757164001465,0.00390625,-0.019622802734375,0.99609375,0,0,0,0,0,0
6.887352705001831,True,470.1149082183838,349.1704738140106,24.81757164001465,-0.160797119140625,-0.019622802734375,0.99609375,0,0,0,0,0,0
7.280652046203613,True,470.1149082183838,349.1704738140106,24.81757164001465,-0.003936767578125,-0.019622802734375,0.99609375,0,0,0,0,0,0
7.666218042373657,True,470.1149082183838,349.1704738140106,24.81757164001465,0.00390625,-0.019622802734375,0.99609375,0,0,0,0,0,0
8.065660953521729,True,470.1149082183838,349.1704738140106,24.81757164001465,0.00390625,-0.019622802734375,0.99609375,0,0,0,0,0,0
8.449576616287231,True,470.1149082183838,349.1704738140106,24.81757164001465,0.748992919921875,0.00390625,0.99609375,0,0,0,0,0,0
8.846465826034546,True,470.1149082183838,349.1704738140106,24.81757164001465,0.00390625,0.00390625,0.99609375,0,0,0,0,0,0
9.232872247695923,True,470.1149082183838,349.1704738140106,24.81757164001465,-0.427459716796875,0.00390625,0.99609375,0,0,0,0,0,0
9.61598253250122,True,470.1149082183838,349.1704738140106,24.81757164001465,0.00390625,0.00390625,0.99609375,0,0,0,0,0,0
10.02248477935791,True,470.1149082183838,349.1704738140106,24.81757164001465,0.00390625,0.00390625,0.99609375,0,0,0,0,0,0
10.405843257904053,True,470.1149082183838,349.1704738140106,24.81757164001465,0.00390625,0.00390625,0.99609375,0,0,0,0,0,0
10.787779331207275,True,470.1149082183838,349.1704738140106,24.81757164001465,-0.082366943359375,0.00390625,0.99609375,0,0,0,0,0,0
11.170816898345947,True,470.1149082183838,349.1704738140106,24.81757164001465,0.00390625,0.00390625,0.99609375,0,0,0,0,0,0
11.56574821472168,True,470.1149082183838,349.1704738140106,24.81757164001465,0.999969482421875,0.999969482421875,0.99609375,0,0,1,0,0,0
11.969144821166992,True,470.1149082183838,349.1704738140106,24.81757164001465,0.00390625,0.00390625,0.046875,0,0,0,0,0,0
12.362460136413574,True,470.1149082183838,349.1704738140106,24.81757164001465,0.00390625,0.00390625,0.0,0,0,0,0,0,0
12.769579887390137,True,470.1149082183838,349.1704738140106,24.81757164001465,0.00390625,0.00390625,0.0,0,0,0,0,0,0
13.184154033660889,True,470.1149082183838,349.1704738140106,24.81757164001465,0.00390625,0.00390625,0.859375,0,0,0,0,0,0
13.560102939605713,True,470.1149082183838,349.1704738140106,24.81757164001465,0.00390625,0.00390625,0.99609375,0,0,0,0,0,0
13.954802513122559,True,470.1149082183838,349.1704738140106,24.81757164001465,0.00390625,0.00390625,0.73828125,0,0,0,0,0,0
14.356060266494751,True,470.1149082183838,349.1704738140106,24.81757164001465,0.00390625,0.00390625,0.0,0,0,0,0,0,0
14.749969244003296,True,470.1149082183838,349.1704738140106,24.81757164001465,0.00390625,0.00390625,0.0,0,0,0,0,0,0
15.143276691436768,True,470.1149082183838,349.1704738140106,24.81757164001465,0.00390625,0.00390625,0.0,0,0,0,0,0,0
15.520755767822266,True,470.1149082183838,349.1704738140106,24.81757164001465,0.00390625,0.00390625,0.0,0,0,0,0,0,0
15.91590666770935,True,470.1149082183838,349.1704738140106,24.81757164001465,0.00390625,0.00390625,0.0,0,0,0,0,0,0
16.295005321502686,True,470.1149082183838,349.1704738140106,24.81757164001465,0.00390625,0.00390625,0.0,0,0,0,0,0,0
16.69037961959839,True,470.1149082183838,349.1704738140106,24.81757164001465,0.00390625,0.00390625,0.0,0,0,0,0,0,0
17.088155269622803,True,470.1149082183838,349.1704738140106,24.81757164001465,0.00390625,0.00390625,0.0,0,0,0,0,0,0
17.482542276382446,True,470.1149082183838,349.1704738140106,24.81757164001465,0.00390625,0.00390625,0.0,0,0,0,0,0,0
17.876250743865967,True,470.1149082183838,349.1704738140106,24.81757164001465,0.00390625,0.00390625,0.0,0,0,0,0,0,0
18.268571138381958,True,470.1149082183838,349.1704738140106,24.81757164001465,0.00390625,0.00390625,0.0,0,0,0,0,0,0
18.648289680480957,True,470.1149082183838,349.1704738140106,24.81757164001465,0.00390625,0.00390625,0.0,0,0,0,0,0,0
19.0519278049469,True,470.1149082183838,349.1704738140106,24.81757164001465,0.00390625,0.00390625,0.0,0,0,0,0,0,0
19.428843021392822,True,470.1149082183838,349.1704738140106,24.81757164001465,0.00390625,0.00390625,0.0,0,0,0,0,0,1
0.6956186294555664,False,-1,-1,-1,0,0,0,0,0,0,0,0,0
1.1277236938476562,False,-1,-1,-1,0,0,0,0,0,0,0,0,0
1.5146937370300293,False,-1,-1,-1,0,0,0,0,0,0,0,0,0
1.921647548675537,False,-1,-1,-1,0,0,0,0,0,0,0,0,0
2.3179354667663574,False,-1,-1,-1,0,0,0,0,0,0,0,0,0
2.7147858142852783,False,-1,-1,-1,0,0,0,0,0,0,0,0,0
3.100051164627075,True,466.4332866668701,301.49086117744446,35.681047439575195,0,0,0,0,0,0,0,0,0
3.483933925628662,True,466.4332866668701,301.49086117744446,35.681047439575195,0,0,0,0,0,0,0,0,0
3.8687424659729004,True,466.4332866668701,301.49086117744446,35.681047439575195,0,0,0.9609375,0,0,0,0,0,0
4.258360147476196,True,466.4332866668701,301.49086117744446,35.681047439575195,0.137237548828125,0,0.43359375,0,0,0,0,0,0
4.632554769515991,True,466.4332866668701,301.49086117744446,35.681047439575195,0.00390625,0,0.66796875,0,0,0,0,0,0
5.014345169067383,True,466.4332866668701,301.49086117744446,35.681047439575195,0.0980224609375,0,0.66796875,0,0,0,0,0,0
5.392961740493774,True,466.4332866668701,301.49086117744446,35.681047439575195,0.00390625,0,0.63671875,0,0,0,0,0,0
5.772966384887695,True,466.4332866668701,301.49086117744446,35.681047439575195,-0.41961669921875,-0.01177978515625,0.15234375,0,0,0,0,0,0
6.148578405380249,True,466.4332866668701,301.49086117744446,35.681047439575195,-0.85882568359375,-0.01177978515625,0.0,0,0,0,0,0,0
6.546794891357422,True,466.4332866668701,301.49086117744446,35.681047439575195,-1.0,-0.16864013671875,0.7109375,0,0,0,0,0,0
6.931045055389404,True,466.4332866668701,301.49086117744446,35.681047439575195,0.00390625,0.00390625,0.55859375,0,0,0,0,0,0
7.31168270111084,True,466.4332866668701,301.49086117744446,35.681047439575195,0.00390625,0.00390625,0.55859375,0,0,0,0,0,0
7.691437482833862,True,466.4332866668701,301.49086117744446,35.681047439575195,0.00390625,0.00390625,0.5078125,0,0,0,0,0,0
8.07810091972351,True,466.4332866668701,301.49086117744446,35.681047439575195,-0.73333740234375,-0.254913330078125,0.99609375,0,0,0,0,0,0
8.464304685592651,True,466.4332866668701,301.49086117744446,35.681047439575195,-0.003936767578125,-0.019622802734375,0.99609375,0,0,0,0,0,0
8.857126235961914,True,466.4332866668701,301.49086117744446,35.681047439575195,-0.1529541015625,0.00390625,0.91796875,0,0,0,0,0,0
9.257715702056885,True,466.4332866668701,301.49086117744446,35.681047439575195,0.0352783203125,0.00390625,0.99609375,0,0,0,0,0,0
9.634629964828491,True,466.4332866668701,301.49086117744446,35.681047439575195,0.152923583984375,0.592132568359375,0.99609375,0,0,0,0,0,0
10.020188331604004,True,466.4332866668701,301.49086117744446,35.681047439575195,0.545074462890625,0.11370849609375,0.99609375,0,0,0,0,0,0
10.394828081130981,True,466.4332866668701,301.49086117744446,35.681047439575195,0.00390625,0.00390625,0.0,0,0,0,0,0,0
10.789356708526611,True,466.4332866668701,301.49086117744446,35.681047439575195,0.00390625,0.00390625,0.0,0,0,0,0,0,0
11.169057369232178,True,466.4332866668701,301.49086117744446,35.681047439575195,0.00390625,-0.003936767578125,0.0,0,0,0,0,0,0
11.560595273971558,True,401.5734386444092,422.2815477848053,160.8615016937256,0.00390625,-0.003936767578125,0.0,0,0,0,0,0,0
11.943402767181396,True,401.5734386444092,422.2815477848053,160.8615016937256,0.00390625,-0.003936767578125,0.0,0,0,0,0,0,0
12.327278137207031,True,442.1473217010498,411.81822896003723,175.41146278381348,0.00390625,-0.003936767578125,0.0,0,0,0,0,0,0
12.742277383804321,True,442.1473217010498,411.81822896003723,175.41146278381348,0.00390625,-0.003936767578125,0.0,0,0,0,0,0,0
13.154851913452148,True,442.1473217010498,411.81822896003723,175.41146278381348,0.00390625,-0.003936767578125,0.0,0,0,0,0,0,0
13.556203842163086,True,442.1473217010498,411.81822896003723,175.41146278381348,0.00390625,-0.003936767578125,0.0,0,0,0,0,0,0
13.945236921310425,True,442.1473217010498,411.81822896003723,175.41146278381348,0.00390625,-0.003936767578125,0.0,0,0,0,0,0,0
14.334208726882935,True,442.1473217010498,411.81822896003723,175.41146278381348,0.00390625,-0.003936767578125,0.0,0,0,0,0,0,0
14.72946047782898,True,442.1473217010498,411.81822896003723,175.41146278381348,0.00390625,-0.003936767578125,0.0,0,0,0,0,0,0
15.123929262161255,True,442.1473217010498,411.81822896003723,175.41146278381348,0.00390625,-0.003936767578125,0.0,0,0,0,0,0,0
15.520965576171875,True,530.6735229492188,537.9280579090118,66.26655578613281,0.00390625,-0.003936767578125,0.0,0,0,0,0,0,0
15.927327394485474,True,530.6735229492188,537.9280579090118,66.26655578613281,0.00390625,-0.003936767578125,0.0,0,0,0,0,0,0
16.32107639312744,True,530.6735229492188,537.9280579090118,66.26655578613281,0.00390625,-0.003936767578125,0.0,0,0,0,0,0,0
16.70409870147705,True,530.6735229492188,537.9280579090118,66.26655578613281,0.00390625,-0.003936767578125,0.0,0,0,0,0,0,0
17.09857726097107,True,530.6735229492188,537.9280579090118,66.26655578613281,0.00390625,-0.003936767578125,0.0,0,0,0,0,0,0
17.501198053359985,True,530.6735229492188,537.9280579090118,66.26655578613281,0.00390625,-0.003936767578125,0.0,0,0,0,0,0,0
17.89538288116455,True,530.6735229492188,537.9280579090118,66.26655578613281,0.00390625,-0.003936767578125,0.0,0,0,0,0,0,0
18.290462017059326,True,390.54508209228516,350.31338453292847,85.11016845703125,0.00390625,-0.003936767578125,0.0,0,0,0,0,0,0
18.674199104309082,True,390.54508209228516,350.31338453292847,85.11016845703125,0.00390625,-0.003936767578125,0.0,0,0,0,0,0,0
19.074739694595337,True,390.54508209228516,350.31338453292847,85.11016845703125,0.00390625,-0.003936767578125,0.0,0,0,0,0,0,0
19.472427129745483,True,390.54508209228516,350.31338453292847,85.11016845703125,0.00390625,-0.003936767578125,0.0,0,0,0,0,0,0
19.87348198890686,True,390.54508209228516,350.31338453292847,85.11016845703125,0.00390625,-0.003936767578125,0.0,0,0,0,0,0,0
20.27165198326111,True,390.54508209228516,350.31338453292847,85.11016845703125,0.00390625,-0.003936767578125,0.0,0,0,0,0,0,0
20.649850130081177,True,390.54508209228516,350.31338453292847,85.11016845703125,0.00390625,-0.003936767578125,0.0,0,0,0,0,0,0
21.054070472717285,True,390.54508209228516,350.31338453292847,85.11016845703125,0.00390625,-0.003936767578125,0.0,0,0,0,0,0,0
21.46995997428894,True,390.54508209228516,350.31338453292847,85.11016845703125,0.00390625,-0.003936767578125,0.0,0,0,0,0,0,0
21.867513179779053,True,390.54508209228516,350.31338453292847,85.11016845703125,0.00390625,-0.003936767578125,0.0,0,0,0,0,0,0
22.269469738006592,True,390.54508209228516,350.31338453292847,85.11016845703125,0.00390625,-0.003936767578125,0.0,0,0,0,0,0,0
22.65048861503601,True,390.54508209228516,350.31338453292847,85.11016845703125,0.00390625,-0.003936767578125,0.0,0,0,0,0,0,0
23.038083791732788,True,390.54508209228516,350.31338453292847,85.11016845703125,0.00390625,-0.003936767578125,0.0,0,0,0,0,0,0
23.42108964920044,True,390.54508209228516,350.31338453292847,85.11016845703125,0.00390625,-0.003936767578125,0.0,0,0,0,0,0,0
23.814760208129883,True,390.54508209228516,350.31338453292847,85.11016845703125,0.00390625,-0.003936767578125,0.0,0,0,0,0,0,0
24.213605880737305,True,390.54508209228516,350.31338453292847,85.11016845703125,0.00390625,-0.003936767578125,0.0,0,0,0,0,0,0
24.610410928726196,True,138.1279993057251,372.6939833164215,9.969091415405273,0.00390625,-0.003936767578125,0.0,0,0,0,0,0,0
25.002680778503418,True,138.1279993057251,372.6939833164215,9.969091415405273,0.00390625,-0.003936767578125,0.0,0,0,0,0,0,0
25.390621662139893,True,138.1279993057251,372.6939833164215,9.969091415405273,0.00390625,-0.003936767578125,0.0,0,0,0,0,0,1
0.7292280197143555,False,-1,-1,-1,0,0,0,0,0,0,0,0,0
1.1741752624511719,False,-1,-1,-1,0,0,0,0,0,0,0,0,0
1.5732941627502441,False,-1,-1,-1,0,0,0,0,0,0,0,0,0
1.9621636867523193,False,-1,-1,-1,0,0,0,0,0,0,0,0,0
2.349978446960449,False,-1,-1,-1,0,0,0,0,0,0,0,0,0
2.7452874183654785,False,-1,-1,-1,0,0,0,0,0,0,0,0,0
3.1231188774108887,False,-1,-1,-1,0,0,0,0,0,0,0,0,0
3.506403923034668,False,-1,-1,-1,0,0,0,0,0,0,0,0,0
3.8796048164367676,True,465.4626274108887,293.9605379104614,35.8575439453125,0,0,0,0,0,0,0,0,0
4.265108823776245,True,465.4626274108887,293.9605379104614,35.8575439453125,0,0,0,0,0,0,0,0,0
4.6381449699401855,True,465.65165519714355,336.81233525276184,36.72795295715332,0,0,0,0,0,0,0,0,0
5.013477325439453,True,465.65165519714355,336.81233525276184,36.72795295715332,0,0,0,0,0,0,0,0,0
5.38459324836731,True,465.65165519714355,336.81233525276184,36.72795295715332,-0.019622802734375,0,0.99609375,0,0,0,0,0,0
5.775946617126465,True,465.65165519714355,336.81233525276184,36.72795295715332,0.00390625,0,0.99609375,0,0,0,0,0,0
6.15137505531311,True,465.65165519714355,336.81233525276184,36.72795295715332,0.00390625,0,0.99609375,0,0,0,0,0,0
6.526907444000244,True,465.65165519714355,336.81233525276184,36.72795295715332,0.00390625,0,0.99609375,0,0,0,0,0,0
6.910451412200928,True,465.65165519714355,336.81233525276184,36.72795295715332,0.00390625,0.00390625,0.46875,0,0,0,0,0,0
7.289957523345947,True,465.65165519714355,336.81233525276184,36.72795295715332,0.00390625,0.00390625,0.51171875,0,0,0,0,0,0
7.674598217010498,True,465.65165519714355,336.81233525276184,36.72795295715332,0.00390625,0.00390625,0.51171875,0,0,0,0,0,0
8.064051151275635,True,468.88243675231934,383.4104812145233,63.32711219787598,0.945068359375,0.00390625,0.51171875,0,0,0,0,0,0
8.447147369384766,True,468.88243675231934,383.4104812145233,63.32711219787598,0.00390625,0.00390625,0.51171875,0,0,0,0,0,0
8.84448790550232,True,468.88243675231934,383.4104812145233,63.32711219787598,0.00390625,0.00390625,0.54296875,0,0,0,0,0,0
9.231604099273682,True,468.88243675231934,383.4104812145233,63.32711219787598,0.00390625,0.00390625,0.2109375,0,0,0,0,0,0
9.637523412704468,True,468.88243675231934,383.4104812145233,63.32711219787598,0.00390625,0.00390625,0.0,0,0,0,0,0,0
10.021492958068848,True,468.88243675231934,383.4104812145233,63.32711219787598,0.00390625,0.00390625,0.0,0.0,0,0,0,0,0
10.432929754257202,True,468.88243675231934,383.4104812145233,63.32711219787598,0.00390625,0.00390625,0.0,0.0,0,0,0,0,0
10.849117755889893,True,468.88243675231934,383.4104812145233,63.32711219787598,0.00390625,0.00390625,0.0,0.0,0,0,0,0,0
11.26939058303833,True,454.94702339172363,353.0729591846466,66.5324878692627,0.00390625,0.00390625,0.0,0.0,0,0,0,0,0
11.664243698120117,True,459.4248676300049,361.5458643436432,52.8786563873291,0.00390625,0.00390625,0.0,0.0,0,0,0,0,0
12.044896364212036,True,464.79652404785156,359.4057512283325,39.42821502685547,0.00390625,0.00390625,0.0,0.0,0,0,0,0,0
12.441765069961548,True,475.2692127227783,357.78615832328796,13.032388687133789,0.00390625,0.00390625,0.0,0.0,0,0,0,0,0
12.824936151504517,True,465.7568550109863,358.48315715789795,35.3338623046875,0.00390625,0.00390625,0.0,0.0,0,0,0,0,0
13.209653377532959,True,465.7568550109863,358.48315715789795,35.3338623046875,0.00390625,0.00390625,0.0,0.0,0,0,0,0,0
13.599629163742065,True,465.7568550109863,358.48315715789795,35.3338623046875,0.00390625,0.00390625,0.0,0.0,0,0,0,0,0
13.985360860824585,True,465.7568550109863,358.48315715789795,35.3338623046875,0.00390625,0.00390625,0.0,0.0,0,0,0,0,0
14.38010048866272,True,465.7568550109863,358.48315715789795,35.3338623046875,0.00390625,0.00390625,0.0,0.0,0,0,0,0,0
14.771780490875244,True,465.7568550109863,358.48315715789795,35.3338623046875,0.00390625,0.00390625,0.0,0.0,0,0,0,0,0
15.168212175369263,True,465.7568550109863,358.48315715789795,35.3338623046875,0.00390625,0.00390625,0.0,0.0,0,0,0,0,0
15.55251669883728,True,465.7568550109863,358.48315715789795,35.3338623046875,0.00390625,0.00390625,0.0,0.0,0,0,0,0,0
15.937519073486328,True,465.7568550109863,358.48315715789795,35.3338623046875,0.00390625,0.00390625,0.0,0.0,0,0,0,0,0
16.32549262046814,True,465.7568550109863,358.48315715789795,35.3338623046875,0.00390625,0.00390625,0.0,0.0,0,0,0,0,1
1.0455152988433838,False,-1,-1,-1,0,0,0,0,0,0,0,0,0
1.475294828414917,False,-1,-1,-1,0,0,0,0,0,0,0,0,0
1.864708423614502,False,-1,-1,-1,0,0,0,0,0,0,0,0,0
2.2595391273498535,False,-1,-1,-1,0,0,0,0,0,0,0,0,0
2.6350531578063965,False,-1,-1,-1,0,0,0,0,0,0,0,0,0
3.0091254711151123,False,-1,-1,-1,0,0,0,0,0,0,0,0,0
3.3775157928466797,False,-1,-1,-1,0,0,0,0,0,0,0,0,0
3.7556631565093994,False,-1,-1,-1,0,0,0,0,0,0,0,0,0
4.145081520080566,False,-1,-1,-1,0,0,0,0,0,0,0,0,0
4.5220947265625,False,-1,-1,-1,0,0,0,0,0,0,0,0,0
4.89865779876709,True,122.71689891815186,372.967472076416,8.016843795776367,0,0,0,0,0,0,0,0,0
5.271884918212891,True,122.71689891815186,372.967472076416,8.016843795776367,0,0,0,0,0,0,0,0,0
5.65254807472229,True,122.71689891815186,372.967472076416,8.016843795776367,0,0,0,0,0,0,0,0,0
6.043459415435791,True,122.71689891815186,372.967472076416,8.016843795776367,0,0,0,0,0,0,0,0,0
6.414107084274292,True,122.71689891815186,372.967472076416,8.016843795776367,0,0,0,0,0,0,0,0,0
6.787785053253174,True,122.71689891815186,372.967472076416,8.016843795776367,0,0,0,0,0,0,0,0,0
7.16633677482605,True,468.24191093444824,321.4317226409912,34.53143119812012,0,0,0,0,0,0,0,0,0
7.547457218170166,True,468.24191093444824,321.4317226409912,34.53143119812012,0,0,0,0,0,0,0,0,0
7.934977054595947,True,468.24191093444824,321.4317226409912,34.53143119812012,0,0,0.8515625,0,0,0,0,0,0
8.34684681892395,True,465.6752586364746,289.2875075340271,35.76427459716797,0.00390625,0,0.87890625,0,0,0,0,0,0
8.724338054656982,True,465.6752586364746,289.2875075340271,35.76427459716797,0.00390625,0,0.87890625,0,0,0,0,0,0
9.120365142822266,True,411.13377571105957,486.5617060661316,28.30524444580078,0.00390625,0,0.87890625,0,0,0,0,0,0
9.511852502822876,True,411.13377571105957,486.5617060661316,28.30524444580078,0.67840576171875,0.999969482421875,0.68359375,0,0,0,0,0,0
9.892810821533203,True,411.13377571105957,486.5617060661316,28.30524444580078,0.2548828125,0.105865478515625,0.15234375,0,0,0,0,0,0
10.260433673858643,True,411.13377571105957,486.5617060661316,28.30524444580078,0.00390625,0.00390625,0.00390625,0,0,0,0,0,0
10.646427631378174,True,411.13377571105957,486.5617060661316,28.30524444580078,0.00390625,0.00390625,0.11328125,0,0,0,0,0,0
11.031612634658813,True,411.13377571105957,486.5617060661316,28.30524444580078,0.00390625,0.00390625,0.6953125,0,0,0,0,0,0
11.406362533569336,True,411.13377571105957,486.5617060661316,28.30524444580078,0.00390625,0.00390625,0.65234375,0,0,0,0,0,0
11.788559675216675,True,411.13377571105957,486.5617060661316,28.30524444580078,0.00390625,0.00390625,0.62109375,0,0,0,0,0,0
12.178340435028076,True,411.13377571105957,486.5617060661316,28.30524444580078,-0.8431396484375,-0.20001220703125,0.62109375,0,0,0,0,0,0
12.56483793258667,True,411.13377571105957,486.5617060661316,28.30524444580078,0.00390625,0.00390625,0.62109375,0,0,0,0,0,0
12.957837104797363,True,411.13377571105957,486.5617060661316,28.30524444580078,0.00390625,0.00390625,0.62109375,0,0,0,0,0,0
13.337944269180298,True,411.13377571105957,486.5617060661316,28.30524444580078,0.215667724609375,0.00390625,0.62109375,0,0,0,0,0,0
13.724189043045044,True,411.13377571105957,486.5617060661316,28.30524444580078,0.00390625,0.00390625,0.00390625,0,0,0,0,0,0
14.09409236907959,True,411.13377571105957,486.5617060661316,28.30524444580078,0.00390625,0.00390625,0.0,0.70703125,0,0,0,0,0
14.480639696121216,True,411.13377571105957,486.5617060661316,28.30524444580078,0.00390625,0.00390625,0.0,0.0,0,0,0,0,0
14.874632120132446,True,411.13377571105957,486.5617060661316,28.30524444580078,0.00390625,0.00390625,0.0,0.0,0,0,0,0,0
15.263860940933228,True,411.13377571105957,486.5617060661316,28.30524444580078,0.00390625,0.00390625,0.0,0.0,0,0,0,0,0
15.65373158454895,True,448.01419258117676,392.785542011261,88.84268760681152,0.00390625,0.00390625,0.0,0.0,0,0,0,0,0
16.036569833755493,True,454.0935516357422,382.4772012233734,68.28495025634766,0.00390625,0.00390625,0.0,0.0,0,0,0,0,0
16.42678689956665,True,458.7635135650635,375.4089152812958,57.8836727142334,0.00390625,0.00390625,0.0,0.0,0,0,0,0,0
16.80845069885254,True,458.7635135650635,375.4089152812958,57.8836727142334,0.00390625,0.00390625,0.0,0.0,0,0,0,0,0
17.204408407211304,True,458.7635135650635,375.4089152812958,57.8836727142334,0.00390625,0.00390625,0.0,0.0,0,0,0,0,0
17.589114665985107,True,458.7635135650635,375.4089152812958,57.8836727142334,0.00390625,0.00390625,0.0,0.0,0,0,0,0,0
17.966655254364014,True,458.7635135650635,375.4089152812958,57.8836727142334,0.00390625,0.00390625,0.0,0.0,0,0,0,0,0
18.357091903686523,True,458.7635135650635,375.4089152812958,57.8836727142334,0.00390625,0.00390625,0.0,0.0,0,0,0,0,0
18.737510919570923,True,458.7635135650635,375.4089152812958,57.8836727142334,0.00390625,0.00390625,0.0,0.0,0,0,0,0,0
19.120004177093506,True,458.7635135650635,375.4089152812958,57.8836727142334,0.00390625,0.00390625,0.0,0.0,0,0,0,0,0
19.508455276489258,True,458.7635135650635,375.4089152812958,57.8836727142334,0.00390625,0.00390625,0.0,0.0,0,0,0,0,0
19.892280101776123,True,458.7635135650635,375.4089152812958,57.8836727142334,0.00390625,0.00390625,0.0,0.0,0,0,0,0,0
20.26112651824951,True,458.7635135650635,375.4089152812958,57.8836727142334,0.00390625,0.00390625,0.0,0.0,0,0,0,0,1
0.8235499858856201,True,136.60260200500488,372.87612676620483,10.91059684753418,0,0,0,0,0,0,0,0,0
1.2661783695220947,True,474.73620414733887,352.4620592594147,13.401803970336914,0,0,0,0,0,0,0,0,0
1.6722893714904785,True,474.91164207458496,353.9401924610138,15.669050216674805,0,0,0,0,0,0,0,0,0
2.064483880996704,True,475.02488136291504,352.700400352478,14.91917610168457,0,0,0,0,0,0,0,0,0
2.4494144916534424,True,475.5370903015137,352.8168511390686,14.458694458007812,0,0,0,0,0,0,0,0,0
2.8256003856658936,True,475.5370903015137,352.8168511390686,14.458694458007812,0,0,0.99609375,0,0,0,0,0,0
3.1976823806762695,True,475.5370903015137,352.8168511390686,14.458694458007812,0,0,0.99609375,0,0,0,0,0,0
3.5709781646728516,True,475.5370903015137,352.8168511390686,14.458694458007812,0,0,0.51953125,0,0,0,0,0,0
3.9574079513549805,True,473.8806438446045,304.9305045604706,19.773759841918945,0,0,0.37109375,0,0,0,0,0,0
4.331045866012573,True,473.8806438446045,304.9305045604706,19.773759841918945,0,0,0.37109375,0,0,0,0,0,0
4.716240882873535,True,473.8806438446045,304.9305045604706,19.773759841918945,0,0,0.37109375,0,0,0,0,0,0
5.09112548828125,True,473.8806438446045,304.9305045604706,19.773759841918945,0,0,0.16015625,0,0,0,0,0,0
5.478510141372681,True,473.8806438446045,304.9305045604706,19.773759841918945,0,0,0.49609375,0,0,0,0,0,0
5.850196599960327,True,473.8806438446045,304.9305045604706,19.773759841918945,0,0,0.5,0,0,0,0,0,0
6.235613822937012,True,473.8806438446045,304.9305045604706,19.773759841918945,0,0,0.5,0,0,0,0,0,0
6.611285924911499,True,456.45349502563477,362.5896728038788,56.23420715332031,0,0,0.54296875,0,0,0,0,0,0
6.9955735206604,True,456.45349502563477,362.5896728038788,56.23420715332031,0,0,0.47265625,0,0,0,0,0,0
7.376262426376343,True,456.45349502563477,362.5896728038788,56.23420715332031,0,0,0.0,0,0,0,0,0,0
7.756976842880249,True,456.45349502563477,362.5896728038788,56.23420715332031,0,0,0.0,0,0,0,0,0,0
8.139890432357788,True,456.45349502563477,362.5896728038788,56.23420715332031,0,0,0.0,0,0,0,0,0,0
8.522180080413818,True,456.45349502563477,362.5896728038788,56.23420715332031,0,0,0.0,0,0,0,0,0,0
8.907478094100952,True,456.45349502563477,362.5896728038788,56.23420715332031,0,0,0.0,0,0,0,0,0,0
9.312530994415283,True,456.45349502563477,362.5896728038788,56.23420715332031,0,0,0.0,0,0,0,0,0,0
9.693342924118042,True,458.5846424102783,352.5741648674011,50.37234306335449,0,0,0.0,0,0,0,0,0,0
10.07466721534729,True,463.7497043609619,351.22268557548523,40.41180610656738,0,0,0.0,0,0,0,0,0,0
10.465127944946289,True,466.0353183746338,357.2490620613098,27.576799392700195,0,0,0.0,0,0,0,0,0,0
10.848721981048584,True,466.0353183746338,357.2490620613098,27.576799392700195,0,0,0.0,0,0,0,0,0,0
11.236523866653442,True,466.0353183746338,357.2490620613098,27.576799392700195,0,0,0.0,0,0,0,0,0,0
11.63283395767212,True,466.0353183746338,357.2490620613098,27.576799392700195,0,0,0.0,0,0,0,0,0,0
12.014581203460693,True,466.0353183746338,357.2490620613098,27.576799392700195,0,0,0.0,0,0,0,0,0,0
12.392239093780518,True,466.0353183746338,357.2490620613098,27.576799392700195,0,0,0.0,0,0,0,0,0,0
12.770060777664185,True,466.0353183746338,357.2490620613098,27.576799392700195,0,0,0.0,0,0,0,0,0,0
13.16257905960083,True,466.0353183746338,357.2490620613098,27.576799392700195,0,0,0.0,0,0,0,0,0,0
13.567296981811523,True,466.0353183746338,357.2490620613098,27.576799392700195,0,0,0.0,0,0,0,0,0,0
13.949724912643433,True,466.0353183746338,357.2490620613098,27.576799392700195,0,0,0.0,0,0,0,0,0,0
14.334993124008179,True,466.0353183746338,357.2490620613098,27.576799392700195,0,0,0.0,0,0,0,0,0,0
14.718508243560791,True,466.0353183746338,357.2490620613098,27.576799392700195,0,0,0.0,0,0,0,0,0,1
